{"labels":["A","B","C"],"nodes":[{"index":0,"label":"A","on":1,"mechanism":"OR","reflexive":false,"selected":false,"threshold":2,"weight":2,"x":271.83250245580984,"y":166.85604797603258,"px":271.88904379434297,"py":166.94162823252915},{"index":1,"label":"B","on":0,"mechanism":"AND","reflexive":false,"selected":false,"threshold":2,"weight":2,"x":425.8377066909114,"y":244.20931455541768,"px":425.73533451406445,"py":244.21512527834923},{"index":2,"label":"C","on":0,"mechanism":"XOR","reflexive":false,"selected":false,"threshold":2,"weight":2,"x":281.85587916002214,"y":338.89857062304964,"px":281.9021276954876,"py":338.8066021175844}],"tpm":[[0,0,0],[0,0,1],[1,0,1],[1,0,0],[1,0,0],[1,1,1],[1,0,1],[1,1,0]],"cm":[[0,1,1],[1,0,1],[1,1,0]],"state":[1,0,0],"version":"1.0.6"}